,2004,,,,,,2005,,,,,,2006,,,,,,2007,,,,,,2008,,,,,,2009,,,,,,2010,,,,,,2011,,,,,,2012,,,,,,2013,,,,,,2014,,,,,,2015,,,,,,2016,,,,,,2017,,,,,,2018,,,,,,2019,,,,,,2020,,,,,,2021,,,,,,2022,,,,,,2023,,,,,,2024,,
,1º trimestre,2º trimestre,3º trimestre,4º trimestre,Total,,1º trimestre,2º trimestre,3º trimestre,4º trimestre,Total,,1º trimestre,2º trimestre,3º trimestre,4º trimestre,Total,,1º trimestre,2º trimestre,3º trimestre,4º trimestre,Total,,1º trimestre,2º trimestre,3º trimestre,4º trimestre,Total,,1º trimestre,2º trimestre,3º trimestre,4º trimestre,Total,,1º trimestre,2º trimestre,3º trimestre,4º trimestre,Total,,1º trimestre,2º trimestre,3º trimestre,4º trimestre,Total,,1º trimestre,2º trimestre,3º trimestre,4º trimestre,Total,,1º trimestre,2º trimestre,3º trimestre,4º trimestre,Total,,1º trimestre,2º trimestre,3º trimestre,4º trimestre,Total,,1º trimestre,2º trimestre,3º trimestre,4º trimestre,Total,,1º trimestre,2º trimestre,3º trimestre,4º trimestre,Total,,1º trimestre,2º trimestre,3º trimestre,4º trimestre,Total,,1º trimestre,2º trimestre,3º trimestre,4º trimestre,Total,,1º trimestre,2º trimestre,3º trimestre,4º trimestre,Total,,1º trimestre,2º trimestre,3º trimestre,4º trimestre,Total,,1º trimestre,2º trimestre,3º trimestre,4º trimestre,Total,,1º trimestre,2º trimestre,3º trimestre,4º trimestre,Total,,1º trimestre,2º trimestre,3º trimestre,4º trimestre,Total,,1º trimestre,2º trimestre,3º trimestre
,,,,,,,,,,,,,,,,,,,,,,,,,,,,,,,,,,,,,,,,,,,,,,,,,,,,,,,,,,,,,,,,,,,,,,,,,,,,,,,,,,,,,,,,,,,,,,,,,,,,,,,,,,,,,,,,,,,,,,,,,,,
Valor agregado bruto a precios básicos,"390,787","439,743","406,579","412,601","412,427",,"419,641","498,534","437,277","445,761","450,303",,"451,524","525,867","477,872","482,693","484,489",,"485,615","575,227","510,805","521,609","523,314",,"513,983","603,851","539,985","513,459","542,819",,"483,000","532,732","512,817","518,187","511,684",,"513,703","621,308","557,180","559,799","562,998",,"552,173","646,899","590,445","584,565","593,520",,"558,391","614,896","582,963","584,095","585,086",,"558,890","650,956","595,017","587,118","597,996",,"554,540","642,098","576,457","575,375","587,117",,"558,293","669,072","597,180","587,215","602,940",,"558,905","642,653","578,253","578,680","589,623",,"562,186","657,180","597,803","601,979","604,787",,"581,304","627,003","579,600","566,224","588,533",,"551,087","636,444","569,162","559,481","579,043",,"524,375","513,804","511,472","537,119","521,692",,"540,299","611,933","570,781","582,004","576,254",,"575,497","651,718","603,912","590,916","605,511",,"583,119","614,194","601,574","585,696","596,145",,"555,226","608,670","589,270"
,,,,,,,,,,,,,,,,,,,,,,,,,,,,,,,,,,,,,,,,,,,,,,,,,,,,,,,,,,,,,,,,,,,,,,,,,,,,,,,,,,,,,,,,,,,,,,,,,,,,,,,,,,,,,,,,,,,,,,,,,,,
"Agricultura, ganadería, caza y silvicultura ","31,507","65,745","28,754","30,495","39,125",,"35,665","91,464","28,908","31,396","46,858",,"34,290","85,997","31,559","31,376","45,805",,"35,833","100,599","31,867","32,158","50,114",,"35,233","98,311","32,468","29,489","48,875",,"29,781","58,364","28,307","27,523","35,994",,"33,045","106,261","30,899","33,050","50,814",,"36,790","96,797","31,511","32,714","49,453",,"34,319","74,014","32,050","31,021","42,851",,"36,096","91,073","31,769","31,335","47,568",,"34,578","98,121","32,109","31,533","49,085",,"36,008","110,971","32,471","32,137","52,897",,"35,390","100,989","32,063","32,755","50,299",,"37,133","103,050","32,540","34,435","51,789",,"37,536","70,024","32,038","35,308","43,726",,"40,559","103,765","35,952","35,519","53,949",,"38,095","92,057","34,777","35,545","50,119",,"39,981","89,026","35,008","38,809","50,706",,"44,067","84,333","34,541","33,718","49,165",,"36,152","45,936","32,018","35,822","37,482",,"39,512","83,621","36,234"
Cultivos agrícolas,"21,617","55,180","8,605","10,944","24,087",,"24,527","77,454","10,688","13,242","31,478",,"22,958","73,468","11,082","13,463","30,243",,"24,164","87,083","12,199","13,209","34,164",,"23,795","84,679","11,635","11,205","32,829",,"17,995","47,286","8,655","9,857","20,948",,"22,154","92,537","12,750","15,123","35,641",,"25,224","83,344","13,354","14,708","34,157",,"22,098","61,824","12,648","13,083","27,413",,"23,755","77,854","12,483","13,284","31,844",,"22,322","84,711","13,422","14,097","33,638",,"23,561","96,603","14,357","15,001","37,380",,"22,927","87,842","14,423","15,851","35,261",,"24,592","89,335","14,399","17,213","36,385",,"24,834","57,727","12,592","17,431","28,146",,"27,765","89,626","14,774","16,545","37,177",,"25,051","78,464","13,969","16,714","33,549",,"26,462","75,392","14,463","19,668","33,996",,"27,241","70,798","13,602","14,659","31,575",,"22,545","34,576","10,844","16,630","21,149",,"26,371","70,112","14,762"
Cría de animales,"6,804","4,015","16,634","14,657","10,527",,"8,281","7,020","15,627","12,869","10,949",,"8,255","5,293","17,122","13,089","10,940",,"8,304","5,099","16,492","13,414","10,827",,"7,726","4,926","17,518","13,132","10,825",,"8,430","4,987","16,553","12,649","10,655",,"7,813","4,805","14,718","11,526","9,715",,"8,185","5,020","14,740","11,619","9,891",,"8,115","4,602","16,093","12,326","10,284",,"8,292","4,825","15,833","12,250","10,300",,"8,222","4,452","15,094","11,636","9,851",,"8,232","4,749","14,431","11,151","9,641",,"8,227","3,740","13,864","10,620","9,113",,"8,007","3,723","14,228","10,860","9,205",,"8,364","4,013","15,731","11,378","9,872",,"8,278","4,015","17,188","12,310","10,448",,"8,748","4,379","16,930","12,198","10,564",,"8,910","4,398","16,509","12,075","10,473",,"12,078","4,593","17,092","12,378","11,535",,"9,257","4,649","17,194","12,223","10,831",,"8,635","4,494","17,581"
"Servicios agrícolas y pecuarios, excepto los veterinarios","1,739","4,610","1,474","3,456","2,820",,"1,691","5,198",757,"3,878","2,881",,"1,460","5,279",873,"3,196","2,702",,"1,826","6,265",877,"3,613","3,145",,"2,175","6,530","1,060","3,295","3,265",,"1,860","4,000",855,"3,146","2,465",,"1,561","6,782","1,194","4,538","3,519",,"1,875","6,292","1,172","4,530","3,467",,"2,515","5,386","1,018","3,663","3,145",,"2,379","6,114","1,066","3,741","3,325",,"2,361","6,679","1,202","3,734","3,494",,"2,467","7,271","1,207","3,807","3,688",,"2,380","7,010","1,257","3,981","3,657",,"2,634","7,619","1,340","3,987","3,895",,"2,379","5,889","1,200","4,051","3,380",,"2,737","7,871","1,439","4,066","4,028",,"2,528","7,056","1,378","4,043","3,751",,"2,694","6,939","1,410","4,270","3,828",,"2,857","6,666","1,357","3,954","3,709",,"2,598","4,467","1,191","4,090","3,087",,"2,788","7,053","1,364"
"Caza, repoblación de animales de caza y servicios conexos",0,182,142,0,81,,0,187,142,0,82,,0,171,163,0,84,,0,140,145,0,72,,0,187,186,0,94,,0,143,171,0,78,,0,180,198,0,95,,0,196,220,0,104,,0,141,170,0,78,,0,135,167,0,76,,0,132,166,0,75,,0,138,169,0,77,,0,101,127,0,57,,0,86,109,0,49,,0,87,107,0,49,,0,74,93,0,42,,0,33,43,0,19,,0,12,43,0,14,,0,25,39,0,16,,0,24,26,0,13,,0,9,18
Construcciones agropecuarias,597,999,991,287,718,,412,833,791,292,582,,439,846,860,261,601,,414,887,795,292,597,,422,874,710,234,560,,377,828,713,245,541,,396,830,673,234,533,,380,811,651,219,515,,387,842,645,202,519,,384,834,637,197,513,,382,827,630,193,508,,374,809,615,188,496,,368,791,599,182,485,,360,726,605,189,470,,365,723,590,172,462,,316,707,657,182,466,,309,671,679,201,465,,314,703,641,185,461,,296,661,637,203,449,,310,672,663,192,459,,283,579,629
"Silvicultura, extracción de madera y servicios conexos",750,759,908,"1,151",892,,754,772,904,"1,115",886,,"1,179",940,"1,458","1,367","1,236",,"1,124","1,125","1,359","1,631","1,310",,"1,115","1,114","1,358","1,623","1,302",,"1,118","1,121","1,360","1,625","1,306",,"1,120","1,127","1,366","1,630","1,311",,"1,126","1,133","1,374","1,638","1,318",,"1,204","1,219","1,476","1,748","1,412",,"1,285","1,311","1,583","1,863","1,511",,"1,291","1,320","1,594","1,874","1,520",,"1,373","1,402","1,693","1,989","1,614",,"1,488","1,505","1,794","2,122","1,727",,"1,540","1,560","1,857","2,185","1,786",,"1,594","1,585","1,818","2,276","1,818",,"1,462","1,472","1,801","2,416","1,788",,"1,459","1,455","1,778","2,389","1,770",,"1,601","1,581","1,942","2,611","1,934",,"1,594","1,590","1,813","2,524","1,880",,"1,441","1,548","2,101","2,686","1,944",,"1,435","1,375","1,881"
Pesca,"1,342","2,141","1,177","1,110","1,442",,"1,305","2,052",828,"1,141","1,332",,"2,094","3,182","2,012","1,237","2,131",,"1,782","3,314","1,655",909,"1,915",,"1,203","3,569","2,095","1,200","2,017",,"1,049","2,205","1,890","1,314","1,615",,897,"2,031","2,539","1,168","1,659",,"1,142","2,068","2,321","1,449","1,745",,"1,289","1,703","2,458","1,572","1,756",,"1,285","2,511","2,878","1,956","2,157",,"1,412","2,595","2,637","2,094","2,184",,"1,314","2,407","2,972","2,264","2,239",,"1,413","2,027","3,331","2,173","2,236",,"1,858","2,437","3,775","2,155","2,556",,"2,123","2,113","4,086","2,458","2,695",,"2,268","2,049","3,396","1,977","2,423",,"1,761","1,784","2,830","1,694","2,017",,"2,039","2,298","3,748","1,522","2,402",,"1,915","2,794","3,748","1,347","2,451",,"2,001","1,993","3,824","1,354","2,293",,"2,070","2,819","3,570"
Explotación de minas y canteras,"24,027","24,441","24,618","24,200","24,322",,"23,998","24,559","24,723","23,705","24,246",,"24,711","25,903","26,258","25,352","25,556",,"24,422","25,329","25,130","24,844","24,931",,"24,611","23,479","25,207","25,297","24,648",,"25,105","24,845","24,097","24,792","24,710",,"25,046","25,543","25,721","24,084","25,099",,"23,908","22,164","24,169","24,301","23,636",,"23,137","23,351","23,806","23,107","23,350",,"21,981","22,434","22,692","22,514","22,405",,"22,356","22,767","22,905","22,991","22,755",,"22,766","23,429","23,467","22,858","23,130",,"21,932","22,002","22,136","21,381","21,863",,"20,796","20,556","21,349","21,656","21,089",,"21,042","21,498","21,329","21,204","21,268",,"20,900","21,770","21,997","21,618","21,571",,"21,060","17,824","19,191","19,215","19,323",,"19,416","21,075","21,835","22,269","21,149",,"22,168","24,018","24,339","24,495","23,755",,"24,573","25,840","26,203","26,399","25,754",,"26,608","27,550","27,945"
"Extracción de carbón y lignito; extracción de turba. Extracción de petróleo crudo y gas natural; actividades de servicios relacionadas con la extracción de petróleo y gas, excepto las actividades de prospección","21,248","21,515","21,623","21,032","21,355",,"20,839","21,169","21,211","20,088","20,827",,"21,025","22,124","22,330","21,305","21,696",,"20,876","21,650","21,331","20,938","21,199",,"21,016","19,778","21,414","21,377","20,896",,"20,739","20,438","19,636","20,246","20,265",,"20,212","20,625","20,724","18,938","20,125",,"19,335","17,494","19,487","19,559","18,969",,"18,451","18,607","19,071","18,341","18,618",,"17,895","18,264","18,552","18,444","18,289",,"17,990","18,315","18,406","18,408","18,280",,"17,997","18,641","18,747","18,306","18,423",,"17,511","17,621","17,784","16,949","17,466",,"16,363","16,129","16,902","17,170","16,641",,"16,534","17,101","17,297","17,393","17,081",,"17,114","18,000","18,193","17,733","17,760",,"17,239","14,588","15,589","15,672","15,772",,"15,943","17,041","17,571","18,241","17,199",,"18,162","19,437","19,849","20,318","19,441",,"20,282","21,205","21,351","22,005","21,211",,"22,132","22,994","23,531"
Extracción de minerales metalíferos. Explotación de minas y canteras n.c.p.,"2,780","2,927","2,995","3,168","2,967",,"3,160","3,390","3,512","3,617","3,420",,"3,687","3,779","3,928","4,047","3,860",,"3,546","3,679","3,799","3,906","3,732",,"3,595","3,701","3,793","3,920","3,752",,"4,366","4,406","4,461","4,547","4,445",,"4,834","4,918","4,998","5,146","4,974",,"4,572","4,670","4,682","4,742","4,667",,"4,686","4,744","4,735","4,765","4,733",,"4,085","4,170","4,140","4,070","4,116",,"4,366","4,452","4,499","4,584","4,475",,"4,769","4,788","4,720","4,552","4,707",,"4,421","4,381","4,351","4,431","4,396",,"4,433","4,427","4,447","4,486","4,448",,"4,507","4,397","4,032","3,812","4,187",,"3,787","3,770","3,803","3,885","3,811",,"3,820","3,236","3,603","3,543","3,551",,"3,473","4,034","4,264","4,028","3,950",,"4,006","4,581","4,490","4,177","4,314",,"4,291","4,635","4,852","4,394","4,543",,"4,476","4,556","4,414"
Industria manufacturera,"86,448","91,700","93,729","95,588","91,866",,"91,736","99,507","100,148","103,351","98,686",,"99,844","107,921","110,312","112,587","107,666",,"106,110","115,423","117,190","124,388","115,777",,"113,476","123,448","126,050","116,906","119,970",,"99,732","110,281","115,428","119,600","111,260",,"109,908","123,637","128,981","131,060","123,396",,"121,433","136,013","138,228","135,754","132,857",,"120,673","128,098","132,305","134,868","128,986",,"118,001","133,403","136,117","136,182","130,926",,"116,202","126,339","126,678","128,015","124,309",,"113,313","128,678","130,450","128,601","125,261",,"109,845","118,643","121,052","123,438","118,245",,"107,280","121,931","126,997","128,945","121,288",,"111,169","119,606","117,542","113,525","115,461",,"99,095","110,734","112,260","111,319","108,352",,"92,781","87,130","106,645","113,496","100,013",,"103,882","115,892","120,122","123,243","115,785",,"108,360","124,638","127,382","124,166","121,137",,"111,648","123,203","122,769","116,716","118,584",,"96,337","101,684","115,522"
Elaboración de productos alimenticios y bebidas,"21,769","22,693","22,888","22,547","22,474",,"23,226","24,891","24,714","24,625","24,364",,"25,166","26,695","27,070","26,541","26,368",,"27,000","28,224","28,447","29,273","28,236",,"28,042","29,915","32,106","29,375","29,860",,"28,124","30,780","30,778","29,888","29,893",,"26,892","30,238","31,208","29,887","29,556",,"28,961","32,040","31,954","31,073","31,007",,"30,152","31,674","31,422","30,557","30,951",,"28,104","32,101","31,598","31,023","30,707",,"28,629","31,596","31,369","31,354","30,737",,"29,315","33,164","33,645","31,615","31,935",,"28,979","31,395","32,255","31,860","31,122",,"28,378","31,688","32,444","31,238","30,937",,"28,640","31,431","31,390","30,268","30,432",,"27,394","30,787","31,958","30,618","30,189",,"27,883","31,392","30,607","29,934","29,954",,"29,755","33,447","32,267","32,119","31,897",,"30,320","34,764","33,651","32,657","32,848",,"31,290","32,753","31,130","30,869","31,510",,"29,143","29,473","33,354"
Elaboración de productos de tabaco,960,654,450,465,632,,875,658,419,465,604,,899,665,494,483,635,,847,665,499,547,640,,896,709,543,566,678,,921,700,526,528,669,,902,684,527,538,663,,914,749,523,473,664,,886,734,533,536,672,,858,673,524,530,646,,900,704,547,511,665,,861,677,503,458,625,,773,515,436,404,532,,767,569,450,391,544,,703,515,403,382,501,,726,453,400,379,489,,625,485,476,367,488,,644,521,409,396,493,,695,446,430,409,495,,667,478,427,383,489,,650,367,394
Fabricación de productos textiles,"2,184","3,077","2,829","2,674","2,691",,"2,721","3,602","3,089","2,872","3,071",,"2,672","3,641","3,195","3,213","3,180",,"2,821","3,825","3,722","3,451","3,455",,"2,937","3,677","3,283","2,743","3,160",,"2,420","3,263","3,080","3,200","2,991",,"3,067","4,146","3,687","3,444","3,586",,"3,268","4,423","3,865","3,378","3,733",,"2,826","4,016","3,462","3,286","3,397",,"2,580","3,671","3,492","3,288","3,258",,"2,931","4,368","3,438","2,906","3,411",,"3,162","3,650","3,352","3,282","3,362",,"2,898","3,679","2,876","2,439","2,973",,"2,464","3,267","2,797","2,692","2,805",,"2,422","3,290","2,420","1,909","2,511",,"1,952","2,694","2,602","2,146","2,349",,"1,664","1,710","2,068","2,069","1,878",,"2,023","2,782","2,427","2,236","2,367",,"2,038","2,751","2,561","2,095","2,361",,"2,011","2,723","2,564","2,272","2,392",,"1,719","2,061","2,187"
Fabricación de prendas de vestir; terminación y teñido de pieles,"3,476","3,739","3,750","4,150","3,779",,"3,999","4,736","4,727","5,027","4,622",,"4,381","4,958","4,609","4,912","4,715",,"4,483","5,001","4,803","5,470","4,939",,"4,825","5,577","5,322","4,717","5,111",,"4,247","5,093","5,302","5,232","4,968",,"4,765","5,839","5,866","5,736","5,552",,"5,217","6,687","6,735","5,891","6,133",,"5,071","5,931","5,993","5,648","5,661",,"5,133","6,405","6,037","5,686","5,815",,"4,987","5,464","5,150","4,907","5,127",,"4,140","6,574","5,698","5,013","5,356",,"4,541","4,833","5,077","4,444","4,724",,"4,083","4,131","4,478","4,195","4,222",,"3,793","4,068","4,097","3,547","3,876",,"3,313","3,359","3,461","3,302","3,359",,"2,492","1,228","2,425","2,902","2,262",,"2,951","2,930","3,717","4,121","3,430",,"3,271","3,771","3,366","3,565","3,493",,"3,380","3,920","3,725","3,602","3,657",,"2,826","3,391","3,927"
"Curtido y terminación de cueros; fabricación de artículos de marroquinería, talabartería y calzado y de sus partes","1,720","1,889","1,861","1,922","1,848",,"1,702","1,934","1,937","1,949","1,881",,"1,971","2,136","2,210","2,260","2,144",,"2,139","2,454","2,510","2,579","2,420",,"2,394","2,553","2,308","2,245","2,375",,"1,827","2,133","2,372","2,530","2,216",,"2,419","2,827","2,930","2,821","2,749",,"2,448","2,918","2,920","2,743","2,757",,"2,293","2,580","2,606","2,616","2,524",,"2,060","2,601","2,761","2,732","2,539",,"2,123","2,427","2,572","2,675","2,450",,"2,027","2,326","2,500","2,463","2,329",,"1,865","2,248","2,253","2,159","2,131",,"1,672","1,816","2,052","2,050","1,897",,"1,605","1,885","1,955","2,009","1,864",,"1,522","1,727","1,838","1,860","1,737",,"1,240",673,"1,273","1,427","1,153",,"1,215","1,497","1,771","2,072","1,639",,"1,475","2,016","1,992","2,189","1,918",,"1,620","1,902","2,043","2,042","1,902",,"1,340","1,607","1,864"
"Producción de madera y fabricación de productos de madera y corcho, excepto muebles; fabricación de artículos de paja y de materiales trenzables","1,897","2,112","2,434","2,355","2,199",,"1,868","2,014","2,085","2,186","2,038",,"2,083","2,324","2,234","2,179","2,205",,"2,032","2,149","2,380","2,237","2,200",,"1,989","2,246","2,277","1,773","2,071",,"1,619","1,812","1,972","1,846","1,812",,"1,718","1,999","2,190","2,061","1,992",,"1,952","2,190","2,380","2,185","2,177",,"1,789","1,980","2,239","2,083","2,023",,"1,845","2,130","2,361","2,215","2,138",,"1,661","1,763","1,996","1,812","1,808",,"1,574","1,691","2,108","1,822","1,799",,"1,557","1,508","1,819","1,669","1,638",,"1,506","1,586","2,025","1,869","1,747",,"1,587","1,643","1,969","1,680","1,720",,"1,509","1,607","1,999","1,659","1,693",,"1,451","1,459","2,187","1,801","1,725",,"1,576","1,699","2,027","1,591","1,723",,"1,507","1,491","1,648","1,415","1,515",,"1,303","1,344","1,716","1,328","1,423",,"1,105","1,043","1,456"
Fabricación de papel y de productos de papel,"3,159","3,054","3,176","3,263","3,163",,"3,402","3,515","3,528","3,606","3,513",,"3,701","3,768","3,869","3,962","3,825",,"4,106","3,981","4,202","4,179","4,117",,"4,201","4,100","4,242","3,818","4,090",,"3,615","3,526","3,966","3,989","3,774",,"3,808","3,911","4,420","4,342","4,120",,"4,123","4,164","4,502","4,369","4,289",,"4,098","3,994","4,372","4,136","4,150",,"3,725","3,906","4,297","4,311","4,060",,"3,954","3,938","4,309","4,162","4,091",,"3,804","3,744","4,145","3,973","3,916",,"3,866","3,598","3,721","3,744","3,732",,"3,648","3,445","3,980","3,900","3,743",,"3,798","3,554","3,764","3,637","3,688",,"3,548","3,424","3,688","3,714","3,593",,"3,598","3,342","3,742","3,790","3,618",,"3,639","3,624","4,113","4,094","3,868",,"4,142","4,029","4,517","4,106","4,199",,"4,250","3,953","4,401","4,194","4,200",,"3,835","3,391","3,677"
Edición e impresión; reproducción de grabaciones,"3,050","3,108","3,292","3,628","3,269",,"3,198","3,488","3,374","4,103","3,541",,"3,549","3,752","4,108","4,603","4,003",,"3,723","4,110","4,619","5,408","4,465",,"4,510","4,642","5,009","5,118","4,820",,"3,894","4,205","4,599","5,177","4,469",,"3,992","4,510","5,294","5,513","4,827",,"4,370","5,151","6,516","5,974","5,503",,"4,522","4,670","5,377","5,675","5,061",,"4,126","4,345","6,614","5,350","5,109",,"4,245","4,413","4,578","4,402","4,410",,"4,101","4,609","4,670","2,504","3,971",,"4,342","4,422","3,912","2,250","3,731",,"4,113","4,382","4,179","2,382","3,764",,"4,199","4,397","3,692","2,040","3,582",,"3,918","4,244","3,591","2,122","3,469",,"3,586","3,912","3,422","2,085","3,251",,"3,755","4,021","3,663","2,141","3,395",,"4,046","4,408","4,084","2,089","3,657",,"4,011","4,266","3,869","1,964","3,528",,"3,536","3,375","3,321"
"Fabricación de coque, productos de la refinación del petróleo y combustible nuclear","3,761","3,734","3,943","3,883","3,830",,"3,806","3,532","3,825","3,989","3,788",,"3,871","3,873","3,936","3,855","3,884",,"4,020","4,134","4,242","4,001","4,099",,"3,957","3,923","3,968","3,822","3,917",,"3,680","3,868","3,688","3,812","3,762",,"4,046","3,897","4,037","3,903","3,971",,"3,967","3,867","3,955","3,980","3,942",,"3,911","3,957","4,127","4,184","4,045",,"4,008","3,831","4,170","4,173","4,046",,"3,828","4,064","4,161","4,134","4,047",,"4,176","4,220","4,320","4,278","4,249",,"4,130","4,025","4,162","4,267","4,146",,"4,008","4,099","4,190","4,256","4,138",,"4,144","3,820","3,842","4,006","3,953",,"3,873","3,798","3,874","4,155","3,925",,"3,867","2,801","3,308","3,411","3,347",,"3,690","3,609","3,824","4,050","3,793",,"3,668","4,035","4,123","4,234","4,015",,"4,252","4,304","4,171","4,187","4,229",,"4,146","4,246","4,312"
Fabricación de sustancias y productos químicos,"11,255","11,571","11,986","11,897","11,677",,"11,287","11,885","12,323","12,035","11,882",,"11,660","12,973","12,671","13,582","12,722",,"12,736","13,380","12,288","14,411","13,204",,"14,005","13,888","14,440","13,978","14,078",,"13,356","14,465","14,695","15,007","14,381",,"14,886","15,159","14,697","16,294","15,259",,"16,306","16,283","15,244","17,133","16,241",,"16,479","16,028","16,832","18,474","16,953",,"17,383","17,698","17,420","18,862","17,841",,"17,210","17,508","17,507","18,720","17,736",,"16,900","17,909","17,692","18,509","17,753",,"17,393","17,039","17,171","18,555","17,539",,"17,240","17,756","16,741","18,996","17,683",,"16,990","16,421","15,362","17,353","16,532",,"16,102","15,772","14,343","16,991","15,802",,"16,056","14,904","16,119","17,512","16,148",,"16,549","17,067","17,168","18,861","17,411",,"17,792","17,708","17,776","18,766","18,011",,"16,911","17,686","17,646","17,723","17,492",,"15,954","15,891","16,819"
Fabricación de productos de caucho y plástico,"4,375","4,307","4,685","4,760","4,532",,"4,488","4,522","4,730","4,897","4,659",,"4,812","4,739","4,980","5,088","4,905",,"5,186","5,230","5,371","5,605","5,348",,"5,022","5,036","4,733","4,819","4,903",,"4,537","4,756","4,738","5,155","4,797",,"5,588","5,405","5,492","5,928","5,603",,"5,957","5,984","5,783","6,033","5,939",,"5,829","5,768","5,850","6,274","5,930",,"5,845","6,061","5,979","6,049","5,984",,"5,623","5,665","5,721","5,926","5,734",,"5,548","6,215","6,312","6,465","6,135",,"5,434","5,270","5,366","5,614","5,421",,"5,246","5,429","5,656","5,737","5,517",,"5,099","5,152","4,806","4,756","4,953",,"4,468","4,593","4,603","4,835","4,625",,"4,081","3,454","4,467","5,161","4,291",,"4,886","4,823","5,097","5,380","5,047",,"5,003","5,309","5,289","5,326","5,232",,"5,162","5,337","5,398","5,319","5,304",,"4,373","3,960","4,566"
Fabricación de productos minerales no metálicos,"3,150","3,200","3,479","3,687","3,379",,"3,433","3,903","4,195","4,308","3,960",,"4,244","4,740","5,168","5,004","4,789",,"4,687","5,131","5,268","5,528","5,154",,"5,027","5,407","5,562","5,059","5,264",,"4,302","4,524","4,992","4,968","4,696",,"4,600","5,024","5,406","5,768","5,199",,"5,100","5,578","5,907","5,916","5,625",,"5,237","5,244","5,411","5,634","5,382",,"5,125","5,685","6,162","6,282","5,813",,"5,203","5,327","5,777","5,887","5,549",,"5,333","5,751","5,914","5,941","5,735",,"5,205","5,266","5,558","5,456","5,371",,"5,092","5,605","6,035","6,176","5,727",,"5,666","5,792","5,930","5,551","5,735",,"5,007","5,418","5,728","5,252","5,351",,"3,929","2,982","5,545","6,042","4,625",,"5,476","5,718","6,258","6,202","5,913",,"5,404","6,408","6,684","6,314","6,202",,"5,684","6,108","6,518","6,002","6,078",,"4,337","4,015","5,068"
Fabricación de metales comunes,"8,053","8,476","7,925","8,818","8,318",,"8,440","8,533","8,110","8,781","8,466",,"8,466","8,893","9,313","9,201","8,968",,"8,063","8,841","8,946","9,641","8,873",,"9,539","10,448","10,057","8,757","9,700",,"6,688","7,021","8,309","9,062","7,770",,"8,380","9,812","10,533","9,576","9,575",,"9,661","9,949","10,809","9,787","10,052",,"8,543","9,985","10,005","9,368","9,475",,"9,274","10,240","9,701","10,185","9,850",,"9,440","10,256","9,351","9,870","9,729",,"8,538","8,654","8,212","8,861","8,566",,"7,570","8,333","7,398","8,024","7,831",,"7,949","9,404","9,723","9,069","9,036",,"9,812","9,552","9,722","8,636","9,431",,"7,871","9,439","8,957","8,373","8,660",,"6,668","4,274","6,382","7,944","6,317",,"8,234","8,453","8,773","8,817","8,569",,"8,523","8,499","9,392","9,269","8,920",,"9,161","9,665","8,685","8,182","8,923",,"6,952","7,145","7,674"
"Fabricación de productos elaborados de metal, excepto maquinaria y equipo","4,529","4,882","4,765","4,759","4,734",,"4,994","5,084","4,941","5,617","5,159",,"5,584","5,572","5,719","5,910","5,696",,"5,469","6,013","6,419","6,760","6,165",,"6,339","6,752","6,691","6,168","6,487",,"4,268","4,898","5,931","6,320","5,354",,"4,947","5,803","6,298","7,037","6,021",,"5,458","6,475","6,795","7,083","6,452",,"5,448","5,760","6,218","6,812","6,059",,"5,143","5,820","5,921","6,137","5,755",,"4,386","4,842","5,183","5,472","4,971",,"4,308","5,224","5,424","5,873","5,208",,"4,138","4,938","4,972","5,552","4,900",,"3,978","5,165","5,575","6,492","5,302",,"4,274","5,439","5,278","5,790","5,195",,"4,064","5,083","4,864","5,180","4,798",,"3,233","3,085","4,381","4,869","3,892",,"3,721","4,944","4,910","5,248","4,706",,"3,726","4,875","5,161","5,441","4,801",,"4,022","4,882","5,009","5,052","4,741",,"3,379","4,094","4,515"
Fabricación de maquinaria y equipo n.c.p.,"3,507","3,951","4,566","4,816","4,210",,"3,708","4,491","4,892","5,329","4,605",,"4,503","5,296","6,016","6,585","5,600",,"5,194","6,490","6,932","7,713","6,582",,"5,524","6,877","7,682","8,050","7,033",,"4,416","5,346","5,479","7,095","5,584",,"5,020","6,887","8,163","10,117","7,547",,"7,413","8,950","9,481","10,145","8,997",,"6,672","7,337","8,368","10,034","8,103",,"6,325","8,314","8,646","9,579","8,216",,"5,211","6,794","7,969","8,841","7,204",,"5,593","7,010","7,414","9,419","7,359",,"5,728","7,200","7,748","9,270","7,486",,"5,645","8,408","9,244","10,666","8,491",,"6,032","7,270","7,064","6,920","6,822",,"4,070","6,156","6,578","7,149","5,988",,"4,120","4,693","7,045","9,204","6,265",,"5,792","8,296","9,374","10,393","8,464",,"6,702","10,059","10,706","10,273","9,435",,"7,015","9,751","9,866","8,940","8,893",,"4,565","7,061","8,424"
"Fabricación de maquinaria de oficina, contabilidad e informática",293,356,351,326,331,,286,370,386,328,342,,268,276,366,318,307,,305,367,346,612,408,,591,692,592,679,639,,488,681,662,771,650,,452,644,600,559,564,,435,532,605,652,556,,460,501,501,567,507,,413,400,405,572,448,,405,477,543,576,500,,473,598,694,628,598,,335,376,521,565,449,,275,293,402,454,356,,246,269,369,403,322,,216,236,316,337,276,,171,106,307,355,235,,207,239,347,391,296,,235,266,367,401,317,,228,255,358,384,306,,207,227,317
Fabricación de maquinaria y aparatos eléctricos n.c.p.,"1,441","1,742","1,811","1,807","1,700",,"1,641","1,862","1,850","1,910","1,816",,"1,722","1,916","1,991","1,933","1,891",,"2,024","2,199","2,395","2,469","2,272",,"2,106","2,654","2,367","2,199","2,332",,"1,816","2,011","1,961","2,021","1,952",,"1,787","2,041","2,001","2,163","1,998",,"1,727","2,183","2,100","2,199","2,052",,"1,635","1,729","1,799","2,095","1,814",,"1,612","1,972","1,879","2,013","1,869",,"1,678","2,002","1,897","2,198","1,944",,"1,623","2,266","1,975","2,324","2,047",,"1,675","1,726","1,646","2,216","1,816",,"1,661","1,824","1,663","2,086","1,809",,"1,527","1,633","1,518","1,939","1,654",,"1,333","1,506","1,430","1,512","1,445",,962,693,"1,077","1,527","1,065",,"1,082","1,069","1,155","1,558","1,216",,"1,164","1,314","1,459","1,715","1,413",,"1,227","1,327","1,344","1,391","1,322",,986,"1,106","1,363"
"Fabricación de equipos y aparatos de radio, televisión y comunicaciones",227,288,357,404,319,,264,364,482,599,427,,532,596,534,685,587,,417,684,693,587,595,,409,508,502,450,467,,218,267,338,509,333,,636,"1,029","1,456","1,383","1,126",,"1,269","1,904","2,620","2,274","2,017",,"1,834","2,693","2,686","2,489","2,426",,"1,641","2,387","2,858","2,734","2,405",,"1,989","2,353","2,140","1,318","1,950",,"1,181","1,828","2,389","2,910","2,077",,"1,271","1,807","2,267","2,451","1,949",,"1,120","1,869","2,286","2,846","2,030",,"1,518","2,163","1,910","2,027","1,904",,731,"1,452","1,846","2,079","1,527",,841,910,"2,127","2,888","1,692",,"1,197","1,882","2,134","2,297","1,878",,"1,052","2,128","2,286","2,756","2,056",,"1,082","1,851","2,120","2,255","1,827",,737,"1,268","1,636"
"Fabricación de instrumentos médicos, ópticos y de precisión; fabricación de relojes",581,803,738,839,740,,714,966,862,"1,034",894,,822,"1,010",957,"1,082",968,,"1,103","1,085","1,251","1,267","1,177",,"1,042","1,364","1,283","1,379","1,267",,"1,119","1,253","1,319","1,146","1,209",,"1,074","1,311","1,249","1,243","1,219",,950,"1,202","1,167","1,113","1,108",,975,"1,126","1,235","1,265","1,150",,959,"1,174","1,093",988,"1,054",,842,"1,014","1,011",897,941,,907,"1,150","1,058","1,129","1,061",,704,871,"1,006",812,848,,722,912,"1,049",860,886,,734,914,"1,046",830,881,,727,875,"1,038",835,869,,656,715,949,752,768,,696,901,"1,041",792,857,,704,856,978,764,825,,730,836,983,785,834,,728,830,988
"Fabricación de vehículos automotores, remolques y semirremolques","2,993","3,764","3,876","3,894","3,632",,"3,596","4,432","4,769","4,513","4,328",,"4,112","4,957","5,526","5,580","5,044",,"4,585","5,742","5,866","6,167","5,590",,"4,961","6,259","6,968","5,210","5,850",,"3,796","4,762","5,282","5,524","4,841",,"5,992","6,978","6,927","6,411","6,577",,"6,798","8,328","7,762","6,674","7,390",,"6,776","6,457","7,240","6,675","6,787",,"7,105","8,028","7,838","6,463","7,359",,"6,282","6,120","5,671","5,309","5,845",,"4,815","5,404","6,021","4,779","5,255",,"3,234","4,611","4,941","5,222","4,502",,"3,467","5,063","5,518","5,506","4,889",,"3,973","5,422","5,618","4,902","4,979",,"3,161","4,122","4,300","3,967","3,888",,"2,627","1,382","3,882","4,438","3,082",,"3,448","4,518","5,095","5,335","4,599",,"3,574","5,369","6,089","5,627","5,165",,"4,086","5,557","6,149","5,473","5,316",,"3,324","4,218","5,399"
Fabricación de equipo de transporte n.c.p.,442,481,525,678,531,,584,685,645,652,641,,733,590,526,652,625,,553,590,688,664,624,,504,577,571,744,599,,499,430,442,581,488,,518,572,550,741,595,,573,498,525,649,561,,447,366,410,466,422,,393,438,493,859,546,,354,312,384,440,372,,380,302,552,506,435,,287,254,399,489,357,,329,321,482,571,426,,360,271,283,320,308,,176,156,231,259,206,,146,51,141,207,136,,128,133,258,348,217,,207,196,304,341,262,,221,199,299,376,274,,211,174,291
Fabricación de muebles y colchones; industrias manufactureras n.c.p.,"2,852","2,918","3,066","3,040","2,969",,"2,700","3,077","3,263","3,518","3,140",,"3,206","3,541","3,718","3,786","3,563",,"3,620","3,909","4,073","4,400","4,000",,"3,481","4,244","4,153","3,779","3,914",,"3,000","3,301","3,804","3,868","3,493",,"3,456","3,589","3,970","4,028","3,761",,"3,356","4,372","4,366","4,292","4,096",,"3,581","4,131","4,100","4,294","4,027",,"3,208","4,009","4,332","4,411","3,990",,"3,185","3,495","3,885","4,247","3,703",,"3,451","4,254","4,279","4,401","4,096",,"2,855","3,391","4,095","4,593","3,733",,"2,876","3,523","4,503","5,067","3,992",,"2,964","3,351","3,693","3,339","3,337",,"2,452","2,581","3,266","3,344","2,911",,"1,987","1,891","3,434","3,540","2,713",,"2,210","2,411","2,858","3,422","2,725",,"2,067","2,539","2,997","3,025","2,657",,"2,249","2,721","2,881","2,686","2,634",,"1,351","1,596","2,586"
Reciclamiento,106,115,119,121,115,,112,124,127,131,124,,122,135,140,143,135,,130,144,148,158,145,,139,155,159,148,150,,123,138,146,151,139,,135,155,163,165,154,,149,170,174,171,166,,148,160,167,170,161,,144,167,172,172,164,,143,158,160,162,155,,139,160,165,161,156,,134,147,153,154,147,,131,151,160,161,151,,136,149,148,142,144,,121,138,142,140,135,,113,109,135,142,124,,126,144,151,154,144,,132,154,160,155,150,,136,152,154,146,147,,117,126,145
"Reparación, mantenimiento e instalación de maquinas y equipos",671,788,856,856,793,,692,839,876,878,821,,764,875,963,"1,030",908,,865,"1,072","1,081","1,261","1,070",,"1,034","1,244","1,232","1,309","1,205",,760,"1,046","1,046","1,222","1,019",,830,"1,176","1,317","1,404","1,182",,"1,061","1,417","1,542","1,566","1,397",,"1,061","1,276","1,354","1,529","1,305",,990,"1,346","1,364","1,567","1,317",,991,"1,277","1,361","1,289","1,229",,964,"1,297","1,406","1,284","1,238",,930,"1,192","1,300","1,230","1,163",,910,"1,226","1,364","1,284","1,196",,946,"1,204","1,263","1,135","1,137",,840,"1,114","1,208","1,112","1,069",,783,879,"1,146","1,129",984,,878,"1,162","1,286","1,224","1,138",,916,"1,247","1,362","1,232","1,189",,947,"1,232","1,313","1,162","1,163",,814,"1,020","1,239"
"Electricidad, gas y agua","8,603","8,743","8,907","8,557","8,702",,"9,171","9,210","9,586","8,971","9,235",,"9,418","9,674","10,076","9,931","9,775",,"9,911","10,161","10,090","9,939","10,025",,"10,595","10,491","10,736","10,221","10,511",,"10,482","10,654","10,671","10,016","10,456",,"10,564","10,448","10,929","10,610","10,638",,"11,119","10,904","11,294","11,252","11,142",,"11,913","11,428","11,769","11,539","11,662",,"11,468","11,469","12,087","11,849","11,718",,"11,830","11,910","12,016","12,039","11,949",,"12,699","12,210","12,689","12,312","12,477",,"12,801","12,698","12,771","12,133","12,601",,"12,832","12,410","12,583","12,070","12,474",,"12,882","12,669","12,691","11,715","12,489",,"12,148","11,763","12,372","12,145","12,107",,"12,718","11,488","12,688","12,233","12,282",,"12,312","12,742","13,393","12,287","12,684",,"12,952","13,380","12,876","12,874","13,021",,"13,796","12,519","13,194","12,211","12,930",,"13,468","12,892","13,249"
Generación captación y distribución de energía eléctrica,"5,377","5,443","5,440","5,314","5,394",,"5,901","5,874","6,001","5,641","5,854",,"6,065","6,146","6,317","6,422","6,238",,"6,563","6,458","6,536","6,468","6,506",,"7,079","6,977","6,981","6,748","6,946",,"7,010","7,052","6,993","6,602","6,914",,"7,089","6,983","7,267","7,070","7,102",,"7,541","7,409","7,586","7,392","7,482",,"8,228","7,812","8,027","7,847","7,978",,"7,931","7,769","8,359","8,272","8,083",,"8,221","8,224","8,195","8,248","8,222",,"8,907","8,519","8,725","8,437","8,647",,"8,983","8,625","8,685","8,294","8,647",,"9,055","8,375","8,560","8,258","8,562",,"9,053","8,498","8,813","7,724","8,522",,"8,239","7,750","8,559","8,132","8,170",,"8,749","7,427","8,313","8,383","8,218",,"8,555","8,561","9,005","8,485","8,652",,"8,866","8,859","8,512","8,680","8,729",,"9,691","8,100","8,616","8,168","8,644",,"9,508","8,415","8,724"
Fabricación de gas; distribución de combustibles gaseosos por tuberías,"1,927","2,109","2,283","1,966","2,071",,"1,944","2,107","2,367","2,020","2,109",,"1,993","2,252","2,500","2,160","2,226",,"1,969","2,408","2,264","2,091","2,183",,"2,095","2,161","2,424","2,077","2,190",,"2,026","2,227","2,314","2,027","2,149",,"2,038","2,080","2,287","2,102","2,126",,"2,090","2,070","2,300","2,379","2,210",,"2,135","2,158","2,299","2,173","2,191",,"1,966","2,211","2,250","2,050","2,119",,"2,039","2,167","2,321","2,220","2,187",,"2,175","2,130","2,400","2,287","2,248",,"2,173","2,529","2,548","2,229","2,370",,"2,136","2,454","2,446","2,154","2,297",,"2,098","2,524","2,241","2,295","2,289",,"2,163","2,352","2,150","2,277","2,236",,"2,162","2,342","2,645","2,072","2,305",,"1,949","2,450","2,655","1,997","2,263",,"2,250","2,747","2,594","2,370","2,490",,"2,247","2,643","2,814","2,221","2,481",,"2,104","2,699","2,756"
"Captación, depuración y distribución de agua","1,299","1,190","1,184","1,276","1,238",,"1,327","1,230","1,218","1,310","1,271",,"1,360","1,277","1,259","1,348","1,311",,"1,379","1,295","1,290","1,379","1,336",,"1,421","1,353","1,331","1,396","1,375",,"1,445","1,375","1,364","1,386","1,393",,"1,438","1,386","1,375","1,439","1,409",,"1,488","1,424","1,408","1,482","1,450",,"1,550","1,458","1,443","1,520","1,492",,"1,571","1,489","1,477","1,527","1,516",,"1,569","1,519","1,500","1,571","1,540",,"1,617","1,562","1,563","1,588","1,583",,"1,645","1,545","1,538","1,610","1,584",,"1,642","1,582","1,577","1,658","1,615",,"1,731","1,646","1,638","1,696","1,678",,"1,745","1,661","1,663","1,736","1,701",,"1,807","1,720","1,730","1,777","1,758",,"1,808","1,732","1,733","1,805","1,769",,"1,836","1,774","1,770","1,824","1,801",,"1,858","1,777","1,765","1,822","1,805",,"1,857","1,778","1,768"
Construcción,"14,801","14,555","15,290","14,972","14,905",,"16,324","16,486","16,917","17,326","16,763",,"18,594","18,270","19,208","19,278","18,838",,"20,745","20,195","21,437","21,083","20,865",,"22,349","22,101","22,443","20,071","21,741",,"18,881","18,157","19,838","19,387","19,066",,"20,235","20,775","21,801","20,908","20,930",,"22,643","22,632","23,914","22,523","22,928",,"22,924","22,210","22,503","21,841","22,369",,"22,373","22,508","22,871","21,632","22,346",,"22,387","22,011","22,047","21,135","21,895",,"22,178","22,906","23,443","21,688","22,554",,"20,929","19,318","20,384","19,485","20,029",,"21,354","21,208","22,706","22,186","21,863",,"23,189","22,334","22,614","20,297","22,108",,"21,793","21,309","22,131","19,462","21,174",,"17,531","10,644","17,340","20,225","16,435",,"21,857","19,795","21,959","21,229","21,210",,"22,448","22,003","23,561","21,736","22,437",,"23,099","22,331","23,679","21,526","22,659",,"18,513","17,136","20,162"
"Comercio mayorista, minorista y reparaciones","58,565","60,894","60,103","60,576","60,035",,"63,579","68,153","66,664","66,758","66,289",,"70,205","73,878","74,125","74,659","73,217",,"77,312","81,609","82,878","85,216","81,754",,"84,125","90,605","88,740","80,845","86,079",,"75,107","78,251","81,212","81,948","79,130",,"80,935","88,743","92,700","94,258","89,159",,"91,678","100,329","102,946","99,782","98,684",,"91,796","94,063","98,494","99,430","95,946",,"93,061","101,333","101,142","97,822","98,339",,"88,486","92,097","93,038","92,797","91,605",,"89,157","96,389","98,180","95,674","94,850",,"88,618","92,557","92,734","93,147","91,764",,"88,070","95,477","96,555","99,046","94,787",,"93,929","94,737","88,878","86,402","90,986",,"81,877","85,900","84,020","84,281","84,020",,"77,231","71,662","82,537","86,933","79,591",,"85,311","91,267","91,711","93,153","90,360",,"89,525","100,219","99,303","95,242","96,072",,"92,656","101,602","98,377","91,596","96,058",,"84,181","85,589","92,382"
Hoteles y restaurantes,"7,235","6,353","6,873","7,283","6,936",,"7,906","6,995","8,003","8,200","7,776",,"8,948","8,035","8,777","9,027","8,697",,"10,067","8,913","9,522","9,974","9,619",,"10,492","9,079","9,638","9,459","9,667",,"9,708","9,000","9,056","9,874","9,409",,"10,450","9,633","10,399","10,716","10,299",,"10,962","10,327","10,931","11,065","10,821",,"11,220","10,434","11,086","11,141","10,970",,"11,150","10,537","11,213","10,987","10,972",,"10,882","10,094","11,031","11,362","10,842",,"11,170","10,114","11,154","11,531","10,992",,"11,328","10,354","11,311","11,815","11,202",,"11,412","10,713","11,732","12,229","11,522",,"11,866","10,683","11,423","11,920","11,473",,"11,533","10,685","11,657","12,048","11,481",,"10,385","2,899","4,486","5,631","5,850",,"7,304","6,542","7,829","8,316","7,498",,"10,473","9,288","9,454","10,386","9,900",,"11,405","9,606","10,342","11,262","10,654",,"11,186","9,240","11,271"
Hoteles; campamentos y otros tipos de hospedaje temporal,"2,173","1,202","1,712","1,716","1,701",,"2,340","1,279","1,860","1,849","1,832",,"2,584","1,511","1,982","2,046","2,031",,"2,786","1,582","2,115","2,185","2,167",,"2,885","1,461","2,034","1,915","2,074",,"2,494","1,384","1,527","1,964","1,842",,"2,712","1,636","2,196","2,156","2,175",,"2,826","1,618","2,112","2,156","2,178",,"2,743","1,644","2,159","2,138","2,171",,"2,673","1,586","2,230","2,180","2,167",,"2,782","1,695","2,317","2,305","2,275",,"2,904","1,674","2,361","2,198","2,284",,"2,791","1,597","2,320","2,322","2,258",,"2,821","1,783","2,441","2,399","2,361",,"2,967","1,759","2,370","2,397","2,373",,"2,933","1,872","2,508","2,481","2,449",,"2,623",64,111,326,781,,"1,446",522,"1,430","1,936","1,334",,"2,929","1,970","2,524","2,489","2,478",,"3,038","2,125","2,681","2,523","2,592",,"2,850","1,665","2,317"
"Restaurantes, bares y cantinas","5,062","5,151","5,161","5,567","5,235",,"5,566","5,716","6,143","6,351","5,944",,"6,364","6,524","6,795","6,981","6,666",,"7,282","7,331","7,407","7,790","7,452",,"7,607","7,618","7,604","7,544","7,593",,"7,214","7,616","7,529","7,910","7,567",,"7,738","7,996","8,202","8,559","8,124",,"8,137","8,709","8,819","8,909","8,643",,"8,477","8,790","8,927","9,004","8,800",,"8,477","8,952","8,983","8,807","8,805",,"8,100","8,398","8,714","9,057","8,567",,"8,266","8,439","8,793","9,333","8,708",,"8,537","8,757","8,991","9,492","8,944",,"8,591","8,931","9,291","9,830","9,161",,"8,899","8,924","9,052","9,523","9,100",,"8,600","8,813","9,149","9,567","9,032",,"7,762","2,835","4,375","5,305","5,069",,"5,857","6,020","6,398","6,380","6,164",,"7,544","7,318","6,929","7,898","7,422",,"8,367","7,481","7,661","8,740","8,062",,"8,336","7,574","8,953"
"Transporte, almacenamiento y comunicaciones","28,143","30,479","29,586","30,952","29,790",,"31,821","35,557","34,399","35,194","34,243",,"36,005","39,413","38,825","39,900","38,536",,"40,713","44,966","43,519","44,515","43,428",,"44,565","47,592","46,157","44,846","45,790",,"43,713","46,792","45,278","46,158","45,485",,"46,553","52,135","49,866","49,565","49,530",,"50,160","54,474","52,450","51,727","52,203",,"51,067","54,150","52,760","52,083","52,515",,"51,127","56,360","54,346","53,185","53,754",,"51,836","56,763","54,176","53,896","54,168",,"53,160","58,020","56,745","55,318","55,811",,"56,318","59,161","57,794","57,562","57,709",,"57,709","61,030","59,061","58,231","59,008",,"57,936","58,480","56,663","55,476","57,139",,"55,339","59,152","56,943","55,516","56,737",,"52,067","46,188","44,954","45,235","47,111",,"47,593","51,616","50,625","51,827","50,415",,"52,453","57,209","54,489","53,548","54,425",,"52,940","55,230","54,511","53,208","53,972",,"52,622","56,144","54,502"
Transporte,"18,256","20,185","18,794","19,541","19,194",,"19,897","23,048","21,016","21,075","21,259",,"21,481","24,329","22,847","23,083","22,935",,"23,246","26,732","24,484","24,737","24,800",,"24,572","27,108","24,963","23,245","24,972",,"22,150","24,853","23,033","23,407","23,361",,"23,553","28,921","26,171","25,356","26,000",,"25,531","29,538","27,676","26,353","27,275",,"25,669","28,363","26,632","25,100","26,441",,"24,776","29,732","27,394","25,652","26,888",,"24,590","29,014","26,041","25,272","26,229",,"24,923","29,531","27,489","25,779","26,930",,"27,040","29,422","27,152","26,498","27,528",,"27,322","30,689","28,668","28,068","28,687",,"28,691","29,071","27,308","26,253","27,831",,"26,965","30,401","27,970","26,877","28,053",,"24,356","18,558","17,021","17,151","19,271",,"20,114","23,314","21,734","22,609","21,943",,"23,688","27,953","24,885","23,891","25,104",,"23,741","25,347","24,453","23,086","24,157",,"23,379","26,608","24,497"
Comunicaciones,"9,887","10,294","10,792","11,411","10,596",,"11,924","12,509","13,383","14,118","12,984",,"14,524","15,084","15,978","16,818","15,601",,"17,467","18,234","19,036","19,778","18,629",,"19,994","20,484","21,195","21,602","20,819",,"21,563","21,940","22,245","22,751","22,125",,"23,000","23,214","23,696","24,209","23,530",,"24,629","24,936","24,774","25,374","24,928",,"25,398","25,787","26,128","26,983","26,074",,"26,351","26,629","26,952","27,533","26,866",,"27,246","27,750","28,135","28,624","27,939",,"28,237","28,490","29,256","29,539","28,881",,"29,278","29,739","30,642","31,064","30,181",,"30,387","30,341","30,393","30,163","30,321",,"29,246","29,409","29,355","29,223","29,308",,"28,373","28,751","28,972","28,639","28,684",,"27,711","27,630","27,933","28,085","27,840",,"27,480","28,302","28,891","29,219","28,473",,"28,765","29,257","29,604","29,657","29,321",,"29,199","29,883","30,057","30,122","29,815",,"29,242","29,535","30,005"
Intermediación financiera,"15,013","14,558","15,130","15,616","15,079",,"15,751","16,429","16,752","17,319","16,563",,"17,855","18,173","18,908","20,035","18,743",,"20,836","21,180","21,467","21,936","21,355",,"22,346","22,673","22,754","22,967","22,685",,"22,528","22,730","22,704","22,633","22,649",,"22,308","23,018","22,530","23,193","22,762",,"23,894","24,717","25,507","25,880","25,000",,"25,987","26,204","27,159","27,995","26,836",,"27,087","27,561","27,921","27,817","27,596",,"27,550","26,720","26,714","26,370","26,839",,"26,412","26,840","27,506","27,960","27,180",,"26,612","25,738","26,066","26,862","26,320",,"27,398","26,723","27,766","28,671","27,639",,"28,934","29,070","29,257","27,411","28,668",,"26,253","25,106","24,968","24,998","25,331",,"24,488","24,528","25,382","26,027","25,106",,"25,368","24,684","24,996","25,937","25,246",,"25,768","25,262","24,991","25,053","25,268",,"24,993","24,016","24,558","23,899","24,367",,"21,617","21,665","24,125"
Intermediación financiera y otros servicios financieros,"9,954","9,520","9,958","10,153","9,896",,"10,172","11,024","11,072","11,390","10,915",,"11,852","12,434","12,764","13,551","12,650",,"14,124","14,708","14,784","15,121","14,684",,"15,474","15,786","15,619","15,922","15,700",,"15,677","15,739","15,624","15,565","15,651",,"15,023","15,791","15,259","15,683","15,439",,"15,984","16,944","17,290","17,656","16,968",,"17,728","18,164","18,498","19,229","18,404",,"18,510","19,048","19,063","18,841","18,865",,"18,557","17,880","17,607","17,292","17,834",,"17,227","17,885","18,123","18,307","17,886",,"16,788","16,494","16,484","17,177","16,736",,"17,683","17,323","17,919","18,552","17,870",,"18,844","19,166","19,118","17,290","18,604",,"16,326","15,547","14,948","14,675","15,374",,"14,117","14,731","15,152","15,107","14,777",,"14,537","14,522","14,486","15,093","14,660",,"14,748","14,677","14,482","14,507","14,603",,"13,841","13,531","13,328","12,396","13,274",,"10,208","10,807","12,510"
Servicios de seguros,"3,660","3,637","3,718","3,873","3,722",,"4,151","3,936","4,050","4,283","4,105",,"4,304","4,200","4,443","4,737","4,421",,"4,877","4,604","4,737","4,844","4,765",,"4,885","4,795","4,786","4,765","4,808",,"4,690","4,834","4,851","4,914","4,822",,"5,130","5,001","4,945","5,155","5,058",,"5,496","5,360","5,547","5,658","5,515",,"5,712","5,604","5,961","6,087","5,841",,"5,945","5,908","6,123","6,266","6,061",,"6,432","6,308","6,474","6,556","6,443",,"6,677","6,371","6,619","6,832","6,625",,"7,189","6,674","6,912","7,034","6,952",,"7,087","6,674","6,947","7,105","6,953",,"7,266","6,974","7,210","7,397","7,212",,"7,450","7,046","7,221","7,452","7,292",,"7,518","6,963","7,168","7,436","7,271",,"7,531","7,012","7,164","7,394","7,275",,"7,584","6,991","7,020","7,129","7,181",,"7,642","6,859","7,195","7,291","7,247",,"7,525","6,888","6,895"
Servicios auxiliares a la actividad financiera,"1,399","1,401","1,455","1,590","1,461",,"1,428","1,469","1,631","1,647","1,544",,"1,699","1,539","1,702","1,747","1,672",,"1,835","1,868","1,947","1,971","1,905",,"1,987","2,092","2,348","2,280","2,177",,"2,160","2,156","2,229","2,155","2,175",,"2,155","2,226","2,326","2,355","2,265",,"2,414","2,413","2,671","2,567","2,516",,"2,547","2,436","2,700","2,679","2,591",,"2,631","2,605","2,735","2,711","2,671",,"2,561","2,532","2,633","2,522","2,562",,"2,508","2,584","2,764","2,821","2,669",,"2,635","2,571","2,670","2,652","2,632",,"2,627","2,725","2,899","3,014","2,816",,"2,825","2,930","2,929","2,724","2,852",,"2,477","2,512","2,799","2,870","2,665",,"2,853","2,833","3,062","3,484","3,058",,"3,300","3,150","3,346","3,450","3,311",,"3,437","3,594","3,489","3,416","3,484",,"3,510","3,626","4,035","4,212","3,846",,"3,884","3,970","4,720"
"Actividades inmobiliarias, empresariales y de alquiler","50,450","52,928","54,047","54,912","53,084",,"52,631","56,091","56,920","58,768","56,103",,"56,565","59,643","60,567","62,560","59,834",,"59,808","62,929","64,308","65,715","63,190",,"63,838","67,409","67,627","67,774","66,662",,"62,778","64,676","65,115","66,687","64,814",,"65,362","67,775","68,800","70,851","68,197",,"66,976","71,403","72,232","74,315","71,232",,"68,917","71,084","70,685","72,549","70,809",,"68,511","71,718","71,788","73,295","71,328",,"68,255","71,382","71,610","72,610","70,964",,"69,141","72,773","73,376","73,703","72,248",,"69,764","72,520","72,612","73,759","72,164",,"71,148","74,182","75,233","76,786","74,337",,"74,017","76,969","74,985","75,284","75,314",,"72,654","75,353","75,136","75,314","74,614",,"71,304","65,015","70,905","74,253","70,369",,"74,153","76,226","77,021","79,066","76,616",,"77,743","81,003","81,341","81,496","80,396",,"79,646","82,246","81,999","82,499","81,597",,"78,352","81,121","81,395"
Servicios inmobiliarios con bienes propios y arrendados,"26,594","26,725","26,812","26,925","26,764",,"27,052","27,199","27,323","27,469","27,261",,"27,715","27,904","28,094","28,264","27,994",,"28,338","28,535","28,687","28,877","28,609",,"29,073","29,279","29,458","29,621","29,358",,"29,734","29,910","30,073","30,244","29,990",,"31,087","30,545","30,685","30,835","30,788",,"30,991","31,216","31,398","31,573","31,294",,"31,757","31,918","32,063","32,218","31,989",,"32,324","32,509","32,614","32,757","32,551",,"32,864","33,078","33,210","33,364","33,129",,"33,382","33,523","33,691","33,800","33,599",,"33,925","34,094","34,182","34,283","34,121",,"34,394","34,588","34,716","34,853","34,638",,"34,959","35,096","35,208","35,376","35,160",,"35,512","35,728","35,873","36,048","35,790",,"36,171","36,130","36,196","36,324","36,205",,"36,496","36,703","36,847","37,040","36,771",,"37,211","37,413","37,554","37,684","37,466",,"37,838","37,965","38,099","38,269","38,043",,"38,440","38,537","38,604"
Resto,"23,856","26,203","27,234","27,987","26,320",,"25,579","28,893","29,597","31,300","28,842",,"28,850","31,740","32,473","34,296","31,840",,"31,469","34,394","35,621","36,839","34,581",,"34,765","38,130","38,168","38,153","37,304",,"33,045","34,766","35,042","36,443","34,824",,"34,275","37,230","38,114","40,015","37,409",,"35,984","40,187","40,834","42,742","39,937",,"37,160","39,166","38,622","40,332","38,820",,"36,186","39,209","39,173","40,538","38,777",,"35,391","38,305","38,401","39,245","37,835",,"35,759","39,250","39,685","39,903","38,649",,"35,839","38,426","38,430","39,476","38,043",,"36,753","39,594","40,517","41,933","39,699",,"39,059","41,873","39,777","39,908","40,154",,"37,141","39,625","39,263","39,266","38,824",,"35,133","28,885","34,709","37,930","34,164",,"37,656","39,523","40,174","42,026","39,845",,"40,532","43,590","43,787","43,811","42,930",,"41,808","44,281","43,900","44,230","43,555",,"39,912","42,585","42,791"
Administración pública y defensa; planes de seguridad social de afiliación obligatoria,"21,071","21,445","21,755","22,068","21,585",,"22,225","22,590","22,785","23,330","22,732",,"22,962","23,322","23,732","23,998","23,503",,"24,258","24,738","24,888","25,416","24,825",,"25,047","25,798","26,176","26,372","25,848",,"25,977","26,103","27,180","27,498","26,689",,"27,402","27,572","27,540","27,930","27,611",,"28,002","28,205","28,781","28,967","28,489",,"29,046","29,176","29,401","29,762","29,346",,"29,769","29,905","30,241","30,571","30,121",,"30,652","30,831","31,205","31,530","31,055",,"31,690","31,935","32,451","32,804","32,220",,"32,833","32,977","33,042","33,136","32,997",,"33,109","33,251","33,206","33,431","33,249",,"33,382","33,247","33,142","33,328","33,275",,"33,272","33,481","33,562","33,915","33,558",,"33,562","29,414","30,339","30,992","31,077",,"31,881","31,792","32,689","34,648","32,753",,"34,858","34,835","34,962","35,088","34,936",,"35,532","35,590","35,839","36,119","35,770",,"35,736","35,288","35,275"
Enseñanza,"16,380","17,004","17,268","17,578","17,057",,"17,479","18,023","18,245","18,676","18,106",,"18,079","18,739","19,094","19,457","18,842",,"19,238","19,882","20,122","20,470","19,928",,"19,700","20,745","21,189","21,414","20,762",,"20,706","21,051","22,009","22,368","21,534",,"21,876","22,381","22,450","22,616","22,331",,"22,327","22,785","23,341","23,576","23,007",,"23,180","23,649","23,916","24,337","23,770",,"23,879","24,329","24,741","24,857","24,452",,"24,388","25,013","25,414","25,724","25,135",,"25,025","25,949","26,416","26,691","26,020",,"26,042","26,508","26,925","27,181","26,664",,"26,177","26,836","27,398","27,521","26,983",,"26,811","27,432","27,768","27,895","27,476",,"27,019","27,571","27,968","27,966","27,631",,"26,971","25,254","26,249","26,791","26,316",,"26,518","26,784","27,513","28,178","27,248",,"27,685","28,318","28,759","28,906","28,417",,"28,382","29,047","29,535","29,683","29,162",,"28,872","29,341","29,754"
Enseñanza Pública,"12,467","12,748","12,950","13,213","12,845",,"13,282","13,470","13,650","14,034","13,609",,"13,627","13,932","14,228","14,512","14,075",,"14,521","14,837","15,016","15,319","14,923",,"14,796","15,446","15,837","16,005","15,521",,"15,570","15,638","16,555","16,868","16,158",,"16,622","16,791","16,815","16,959","16,797",,"16,862","16,979","17,466","17,665","17,243",,"17,490","17,671","17,903","18,268","17,833",,"18,042","18,172","18,576","18,662","18,363",,"18,463","18,730","19,068","19,338","18,899",,"18,875","19,412","19,839","20,126","19,563",,"19,704","19,832","20,238","20,508","20,070",,"19,724","20,021","20,539","20,664","20,237",,"20,184","20,466","20,722","20,862","20,559",,"20,261","20,486","20,876","20,919","20,635",,"20,389","19,089","19,834","20,178","19,872",,"19,980","20,008","20,687","21,305","20,495",,"20,959","21,218","21,627","21,787","21,398",,"21,509","21,817","22,286","22,481","22,023",,"21,953","22,147","22,546"
Enseñanza Privada,"3,913","4,256","4,318","4,365","4,213",,"4,198","4,553","4,596","4,643","4,497",,"4,453","4,807","4,866","4,945","4,768",,"4,717","5,046","5,106","5,151","5,005",,"4,904","5,299","5,352","5,410","5,241",,"5,136","5,412","5,454","5,500","5,376",,"5,254","5,591","5,635","5,657","5,534",,"5,465","5,806","5,876","5,911","5,764",,"5,690","5,978","6,013","6,069","5,937",,"5,837","6,157","6,165","6,195","6,089",,"5,925","6,283","6,347","6,387","6,235",,"6,149","6,538","6,577","6,565","6,457",,"6,338","6,676","6,688","6,672","6,593",,"6,453","6,814","6,859","6,857","6,746",,"6,627","6,966","7,045","7,033","6,918",,"6,758","7,086","7,093","7,047","6,996",,"6,582","6,165","6,415","6,614","6,444",,"6,537","6,777","6,826","6,874","6,753",,"6,725","7,100","7,132","7,119","7,019",,"6,873","7,230","7,249","7,202","7,139",,"6,918","7,194","7,208"
Servicios sociales y de salud,"12,435","13,607","13,687","13,076","13,201",,"13,826","14,923","15,022","14,292","14,516",,"14,128","15,354","15,339","14,626","14,862",,"15,085","16,467","16,140","15,582","15,819",,"15,981","17,634","17,346","16,442","16,851",,"17,093","18,877","18,623","17,546","18,035",,"17,859","19,814","19,322","18,234","18,807",,"19,054","21,217","20,046","18,888","19,801",,"20,432","22,268","20,904","19,965","20,892",,"21,015","22,905","21,515","20,379","21,453",,"21,364","23,263","21,850","20,813","21,822",,"21,919","23,948","22,534","21,440","22,460",,"22,567","24,568","23,058","21,889","23,021",,"23,131","25,049","23,456","22,301","23,484",,"23,612","25,551","23,758","22,506","23,857",,"23,649","25,488","23,804","22,556","23,874",,"23,000","19,490","21,701","22,137","21,582",,"23,493","25,565","23,935","22,688","23,920",,"24,038","25,822","24,142","22,891","24,223",,"24,241","26,210","24,520","23,326","24,574",,"24,553","26,217","24,369"
Salud Pública,"4,178","4,250","4,304","4,382","4,278",,"4,470","4,524","4,587","4,710","4,573",,"4,579","4,653","4,698","4,825","4,689",,"4,826","4,968","4,973","5,237","5,001",,"5,059","5,270","5,328","5,359","5,254",,"5,307","5,325","5,487","5,573","5,423",,"5,483","5,519","5,534","5,645","5,545",,"5,694","5,803","5,883","5,961","5,835",,"6,075","6,119","6,194","6,317","6,176",,"6,285","6,355","6,424","6,534","6,400",,"6,495","6,551","6,603","6,718","6,591",,"6,719","6,837","6,895","7,007","6,864",,"6,883","6,913","6,941","7,016","6,938",,"7,001","7,019","6,998","7,096","7,028",,"7,151","7,146","7,124","7,215","7,159",,"7,234","7,220","7,261","7,312","7,257",,"7,320","7,277","7,362","7,385","7,336",,"7,503","7,506","7,558","7,584","7,538",,"7,663","7,745","7,738","7,694","7,710",,"7,809","7,911","7,930","7,944","7,899",,"7,942","7,955","7,904"
Salud Privada,"8,258","9,357","9,383","8,694","8,923",,"9,356","10,399","10,435","9,582","9,943",,"9,549","10,701","10,641","9,801","10,173",,"10,260","11,499","11,167","10,345","10,818",,"10,922","12,364","12,017","11,082","11,597",,"11,786","13,552","13,136","11,973","12,612",,"12,376","14,294","13,788","12,589","13,262",,"13,359","15,414","14,163","12,928","13,966",,"14,357","16,149","14,710","13,647","14,716",,"14,730","16,551","15,090","13,844","15,054",,"14,869","16,712","15,247","14,096","15,231",,"15,200","17,111","15,639","14,434","15,596",,"15,684","17,655","16,117","14,874","16,083",,"16,130","18,030","16,458","15,205","16,456",,"16,461","18,405","16,634","15,291","16,698",,"16,416","18,268","16,543","15,243","16,618",,"15,681","12,213","14,339","14,752","14,246",,"15,990","18,058","16,378","15,104","16,383",,"16,376","18,077","16,404","15,197","16,513",,"16,432","18,299","16,590","15,382","16,676",,"16,611","18,262","16,465"
"Otras actividades de servicios comunitarias, sociales y personales","11,845","12,086","12,626","12,457","12,254",,"12,941","13,242","14,099","13,947","13,557",,"14,305","14,895","15,475","14,846","14,880",,"15,863","15,815","16,946","15,687","16,078",,"16,521","17,054","17,569","16,408","16,888",,"16,406","16,810","17,428","17,065","16,927",,"17,523","17,596","18,519","17,712","17,838",,"18,335","18,837","18,669","18,349","18,548",,"18,441","18,860","19,421","18,772","18,874",,"18,039","18,549","19,456","18,400","18,611",,"18,179","17,980","18,677","18,174","18,253",,"18,005","18,233","19,057","18,009","18,326",,"18,213","18,381","18,750","17,723","18,267",,"18,547","18,267","19,323","18,224","18,590",,"18,615","18,578","19,254","17,298","18,436",,"18,178","18,039","18,697","16,524","17,860",,"16,956","5,712","8,095","13,052","10,954",,"15,452","13,196","14,553","15,061","14,565",,"16,869","14,813","15,872","15,836","15,847",,"17,569","15,088","16,133","15,881","16,168",,"17,240","14,478","15,435"
"Eliminación de desperdicios y aguas residuales, saneamiento y servicios similares","1,375","1,399","1,406","1,466","1,411",,"1,424","1,470","1,493","1,537","1,481",,"1,492","1,518","1,558","1,632","1,550",,"1,588","1,605","1,575","1,697","1,616",,"1,689","1,710","1,744","1,790","1,733",,"1,649","1,703","1,769","1,871","1,748",,"1,814","1,835","1,871","1,926","1,862",,"1,909","1,909","1,986","2,058","1,966",,"1,971","1,946","1,954","2,046","1,979",,"1,865","1,847","1,773","1,932","1,854",,"1,855","1,830","1,872","1,982","1,885",,"1,893","1,961","1,976","2,040","1,968",,"2,010","2,019","1,987","2,075","2,023",,"2,123","2,133","2,201","2,336","2,198",,"2,152","2,344","2,287","2,248","2,258",,"2,170","2,169","2,137","2,173","2,162",,"2,057","1,939","1,930","2,073","2,000",,"1,992","2,022","2,044","2,142","2,050",,"2,058","2,096","2,068","2,099","2,080",,"2,072","2,174","2,115","2,174","2,134",,"2,026","2,024","2,007"
Asociaciones,"3,702","3,709","3,735","3,765","3,728",,"3,930","3,933","3,994","4,078","3,984",,"4,171","4,166","4,175","4,235","4,187",,"4,324","4,340","4,442","4,489","4,399",,"4,581","4,676","4,726","4,813","4,699",,"4,843","4,853","4,896","5,042","4,909",,"5,193","5,246","5,311","5,340","5,273",,"5,476","5,492","5,309","5,273","5,387",,"5,530","5,482","5,461","5,565","5,510",,"5,675","5,632","5,699","5,754","5,690",,"5,773","5,809","5,835","5,904","5,830",,"6,012","6,004","5,967","6,010","5,998",,"6,059","6,036","6,062","6,098","6,064",,"6,172","6,123","6,154","6,175","6,156",,"6,249","6,227","6,200","6,202","6,220",,"6,247","6,198","6,236","6,265","6,237",,"6,132","2,428","3,854","5,501","4,479",,"5,934","6,024","6,091","6,013","6,016",,"6,146","6,159","6,204","6,054","6,141",,"6,115","6,143","6,209","6,055","6,131",,"6,110","6,107","6,128"
Servicios culturales y deportivos. Otras actividades,"6,768","6,978","7,484","7,226","7,114",,"7,586","7,839","8,613","8,332","8,093",,"8,642","9,212","9,742","8,979","9,144",,"9,951","9,870","10,929","9,502","10,063",,"10,251","10,668","11,099","9,806","10,456",,"9,914","10,254","10,764","10,153","10,271",,"10,515","10,514","11,337","10,446","10,703",,"10,950","11,437","11,374","11,018","11,195",,"10,941","11,431","12,006","11,160","11,384",,"10,499","11,070","11,983","10,715","11,067",,"10,551","10,341","10,970","10,288","10,538",,"10,100","10,268","11,115","9,959","10,361",,"10,144","10,326","10,700","9,549","10,180",,"10,252","10,011","10,969","9,713","10,236",,"10,213","10,007","10,767","8,849","9,959",,"9,760","9,672","10,324","8,086","9,460",,"8,767","1,344","2,311","5,478","4,475",,"7,525","5,150","6,417","6,905","6,499",,"8,665","6,558","7,600","7,683","7,627",,"9,382","6,771","7,808","7,652","7,903",,"9,104","6,348","7,300"
Hogares privados con servicio doméstico,"2,919","3,062","3,030","3,160","3,043",,"3,282","3,251","3,277","3,385","3,299",,"3,519","3,466","3,607","3,826","3,604",,"3,632","3,708","3,645","3,777","3,691",,"3,901","3,863","3,789","3,748","3,825",,"3,952","3,936","3,982","3,778","3,912",,"3,739","3,945","4,183","3,844","3,928",,"3,750","4,028","4,103","4,022","3,975",,"4,052","4,204","4,247","4,114","4,154",,"4,050","4,359","4,242","4,338","4,247",,"4,184","4,212","4,349","4,290","4,259",,"4,336","4,270","4,269","4,226","4,275",,"4,299","4,213","4,223","4,241","4,244",,"4,230","4,062","4,123","4,093","4,127",,"4,262","4,014","4,171","4,197","4,161",,"4,551","4,277","4,297","4,324","4,362",,"4,464","2,715","3,351","3,659","3,547",,"3,741","3,433","3,845","3,770","3,697",,"4,176","3,782","4,151","4,133","4,061",,"4,487","3,736","4,072","4,193","4,122",,"4,360","3,886","4,081"
